school_name,year_established,city,state,address,phone,whatsapp,email,principal_name,director_name,website,website_status,instagram,facebook,linkedin,google_maps,lead_score,notes
JMK Pre School,2022,Pathankot,Punjab,"Abrol Nagar, Near Punjab Mahal Palace",+919357896882,+919465781783,Unknown,Unknown,Unknown,,none,https://www.instagram.com/p/C1GYEN-vx0Y/,,,https://www.google.com/maps/search/JMK+Pre+School+Pathankot,10,2024-25 admissions post; phone-led enquiry; verify dedicated website in bio.
Dreamland Play School,2020,Cuttack,Odisha,"No. 5D/1389, Sector 10, Avinab Bidanasi",Unknown,Unknown,umeshagarawal1112@gmail.com,Unknown,Umesh Agarawal,,none,,,,https://www.google.com/maps/search/Dreamland+Avinab+Bidanasi+Cuttack,10,Sulekha-only listing; Gmail contact person Umesh Agarawal; no owned domain found.
Autumn Leaves Preschool,2022,Bengaluru,Karnataka,Yelahanka New Town,Unknown,Unknown,Unknown,Unknown,Unknown,,none,https://www.instagram.com/autumnleavesyelahankanewtown/,,,https://www.google.com/maps/search/Autumn+Leaves+Preschool+Yelahanka,10,2025-26 admissions reel; IG-native; no website in indexed snippets.
Autumn Leaves Preschool Ullal,2022,Bengaluru,Karnataka,Ullal,Unknown,Unknown,Unknown,Unknown,Unknown,,none,https://www.instagram.com/autumnleavesullal/,,,https://www.google.com/maps/search/Autumn+Leaves+Preschool+Ullal,10,Sibling branch; admissions 2025-26 posts; weak owned web presence.
Kidzee Preschool Airoli,2020,Navi Mumbai,Maharashtra,Airoli,+918452868008,+918452868008,Unknown,Unknown,Unknown,,none,https://www.instagram.com/kidzeeairoli/,,,https://www.google.com/maps/search/Kidzee+Airoli,10,Early-bird 2025-26 campaign; call-led admissions.
Kinder Joy Playschool,2021,Bhimavaram,Andhra Pradesh,"No. MIG-2-28, APHB Colony, Housing Board Colony, PP Road",Unknown,Unknown,playschool.kinderjoy@gmail.com,Unknown,Bhagavan Raju,,none,,,,https://www.google.com/maps/search/Kinder+Joy+Playschool+Bhimavaram,10,Sulekha listing with Gmail; contact Bhagavan Raju; tier-2 AP.
St. Xavier's Public School,2020,Basugaon,Assam,"Nichinapara, Basugaon-Chirang BTAD",+919707611179,+919720903234,st.xavierspublicschool2010@gmail.com,Unknown,Unknown,https://www.stxaviersbasugaon.egvm.in/,broken,,,,https://www.google.com/maps/search/St+Xaviers+Public+School+Basugaon,10,Gmail on subdomain egvm.in site; rural Assam CBSE; weak branding infrastructure.
GD Goenka Public School Bhagalpur,2023,Bhagalpur,Bihar,"JIcho, Bishunpur Jichho",+917672800010,+917672800011,Unknown,Unknown,Unknown,https://gdgoenkabhagalpur.com/,broken,,https://www.facebook.com/GDGoenkaBhagalpur/,,https://www.google.com/maps/search/GD+Goenka+Bhagalpur,10,2024-25 FB admissions; Bihar priority state; verify site maturity.
The New Tulip International School,2020,Ahmedabad,Gujarat,"Sterling City, Bopal",+917819069210,+917069021005,info@thenewtulipinternational.com,Unknown,Unknown,,none,,https://www.facebook.com/Thetulipschool/,,https://www.google.com/maps/search/New+Tulip+International+School+Bopal,10,FB post shows typo email; WhatsApp on poster; verify owned website status.
New Oxford School Sarjapur,2022,Bengaluru,Karnataka,Sarjapura,Unknown,Unknown,Unknown,Unknown,Unknown,,none,https://www.instagram.com/nos.official.cbse/,,,https://www.google.com/maps/search/New+Oxford+School+Sarjapur,10,2025-26 admissions on IG; verify website and management names.
J. K. International School Ranchi,2021,Ranchi,Jharkhand,Ranchi,+918828912891,+918828912891,Unknown,Unknown,Unknown,,none,,,,https://www.google.com/maps/search/JK+International+School+Ranchi,10,2026-27 admissions; directory-only discovery; verify owned site.
Footprints Preschool Shrirang Society,2021,Thane,Maharashtra,"Bungalow A21, Nikan Guruji Marg, Shrirang Society, Thane West",+919136262530,+919136262530,Unknown,Unknown,Unknown,,none,https://www.instagram.com/reel/DI0W2rOAibY/,,,https://www.google.com/maps/search/Footprints+Preschool+Thane+West,10,Influencer-format admissions post; phone CTA; chain centre.
LIMS The Genius English Medium School,2021,Pune,Maharashtra,Hinjewadi,+919145480912,+919545002259,kommuriprashanth@gmail.com,Unknown,Unknown,https://www.limgemschool.com/,broken,,,,https://www.google.com/maps/search/LIMS+Genius+School+Hinjewadi,10,Duplicate entity alias for Genius school; Gmail on admission page.
Birla Public School Sri Ganganagar,2022,Sri Ganganagar,Rajasthan,Sri Ganganagar,+919116138852,+919116138852,Unknown,Unknown,Unknown,,none,https://www.instagram.com/bpsganganagar/,,,https://www.google.com/maps/search/Birla+Public+School+Ganganagar,10,2025-26 admissions IG post; phone CTA; Rajasthan priority.
S.S. Children Academy School,2021,Jaipur,Rajasthan,"35 Vishnu Colony, Opposite ESIC Hospital, Sodala",+918118803203,+918118803203,Unknown,Unknown,Unknown,,none,https://www.instagram.com/ssca.school_jaipur/,,,https://www.google.com/maps/search/SS+Children+Academy+Jaipur,10,Admission enquiry reel with direct phone; verify website.
Bachpan Play School Shamshabad,2022,Hyderabad,Telangana,"R.B. Nagar Colony, near Bus Stand, Shamshabad",+919666635752,+919666635752,Unknown,Unknown,Unknown,https://bachpanshamshabad.com/,broken,,,,https://www.google.com/maps/search/Bachpan+Shamshabad,10,Email field blank on site; phone-led 2025-26 admissions.
Kidzee Preschool & Daycare Punjabi Bagh,2020,New Delhi,Delhi,Punjabi Bagh,+918586878428,+918586878428,Unknown,Unknown,Unknown,,none,https://www.instagram.com/kidzee_punjabibagh/,,,https://www.google.com/maps/search/Kidzee+Punjabi+Bagh,9,Franchise centre; 2025-26 admissions with phone CTA; verify local website.
Little Millennium Play School Patia,2021,Bhubaneswar,Odisha,"HIG-35, Kanan Vihar Phase 1, Patia",Unknown,Unknown,Unknown,Unknown,Unknown,,none,,,,https://www.google.com/maps/search/Little+Millennium+Patia+Bhubaneswar,9,Sulekha chain listing; Odisha priority; directory-only presence.
Delhi Public School Hinjawadi,2024,Pune,Maharashtra,"Hinjawadi, Pune",Unknown,Unknown,Unknown,Unknown,Unknown,,none,,,,https://www.google.com/maps/search/DPS+Hinjawadi+Pune,9,New campus April 2024; EOI from Aug 2023; verify launch website status.
RP Goenka International School,2023,Kolkata,West Bengal,"Diamond Harbour Road, Alipore",Unknown,Unknown,Unknown,Unknown,Shashwat Goenka,,none,,,,https://www.google.com/maps/search/RP+Goenka+International+School+Kolkata,9,Launched July 2023; expanding classes through 2025; verify digital stack.
Sant Ravidas Mission Gurukul School,2024,Greater Noida,Uttar Pradesh,"Dayauar village, Jewar",Unknown,Unknown,Unknown,Unknown,Unknown,,none,,,,https://www.google.com/maps/search/Jewar+Sant+Ravidas+School,9,Rs 45cr new CBSE residential school; opening Aug 2024; likely minimal web at launch.
Swami Narayan Gurukul International School Tirupati,2024,Tirupati,Andhra Pradesh,"Vikruthamala village, Yerpedu mandal",Unknown,Unknown,Unknown,Unknown,Unknown,,none,,,,https://www.google.com/maps/search/Vikruthamala+International+School+Tirupati,9,Foundation stone Dec 2023; new campus; likely minimal website at launch.
Chanakya Public School Bhubaneswar,2021,Bhubaneswar,Odisha,Bhubaneswar,Unknown,Unknown,Unknown,Unknown,Unknown,,none,,,,https://www.google.com/maps/search/Chanakya+Public+School+Bhubaneswar,9,Referenced near Kidzee Kalinga Vihar listing; verify establishment year.
Dartmouth Play School,2022,Patna,Bihar,"A 369, AG Colony",Unknown,Unknown,Unknown,Unknown,Unknown,,none,,,,https://www.google.com/maps/search/Dartmouth+Play+School+Patna,9,JustDial claim-business; WhatsApp button; Bihar priority; verify phone from listing.
Pt. Deendayal Upadhyay Public School,2020,Firozabad,Uttar Pradesh,Firozabad,Unknown,Unknown,Unknown,Unknown,Unknown,,none,,https://www.facebook.com/pdupschool/,,https://www.google.com/maps/search/Pt+Deendayal+Upadhyay+Public+School+Firozabad,8,2025-26 admission posts; Messenger-primary outreach; verify phone from page About.
Montessori School Patna,2020,Patna,Bihar,Patna,Unknown,Unknown,Unknown,Unknown,Unknown,https://montessorischoolpatna.in/,broken,,,,https://www.google.com/maps/search/Montessori+School+Patna,8,Admission open 2025-26; enquiry form only; Bihar priority.
Amadeus International School,2018,Kolkata,West Bengal,"F/37, Near West Chowbaga",Unknown,Unknown,Unknown,Unknown,Unknown,,none,,,,https://www.google.com/maps/search/Amadeus+International+School+Chowbhanga,8,JustDial listing; claim-business state; no website link on JD; verify phone.
Kidzee Kalinga Vihar,2020,Bhubaneswar,Odisha,"No. 102, Kalinga Vihar",Unknown,Unknown,Unknown,Unknown,Unknown,,none,,,,https://www.google.com/maps/search/Kidzee+Kalinga+Vihar,8,Sulekha address only; franchise preschool in Odisha.
DNA Junior Pre-School CDA Cuttack,2020,Cuttack,Odisha,"CDA Sector, Cuttack",Unknown,Unknown,Unknown,Unknown,Unknown,,none,,,,https://www.google.com/maps/search/DNA+Junior+Preschool+Cuttack,8,Sulekha similar-business listing; Odisha play school segment.
Sanskar School Jaipur,2020,Jaipur,Rajasthan,Jaipur,Unknown,Unknown,Unknown,Unknown,Unknown,,none,https://www.instagram.com/sanskarjaipur/,,,https://www.google.com/maps/search/Sanskar+School+Jaipur,8,2025-26 admission post; verify contact from bio.
DPS Junior Play School Boring Road,2019,Patna,Bihar,"House No LF/31, Boring Road, Sri Krishna Puri",Unknown,Unknown,Unknown,Unknown,Unknown,,none,,,,https://www.google.com/maps/search/DPS+Junior+Play+School+Patna,8,JD listing with WhatsApp; verify if affiliated DPS or independent preschool.
G D Goenka Toddler House Indira Nagar,2020,Lucknow,Uttar Pradesh,"Building 1407, Sector 16, Indira Nagar",Unknown,Unknown,Unknown,Unknown,Unknown,,none,,,,https://www.google.com/maps/search/GD+Goenka+Toddler+House+Lucknow,8,Established 2020 per JustDial; UP priority; JD WhatsApp CTA.
Kidzee Vaishnavi Vihar Varanasi,2018,Varanasi,Uttar Pradesh,"Vaishnavi Vihar Colony, Susuwahi",Unknown,Unknown,Unknown,Unknown,Unknown,,none,,,,https://www.google.com/maps/search/Kidzee+Vaishnavi+Vihar+Varanasi,8,Franchise centre; claim-business on JD; verify local website.
Oi Play School Jubilee Hills,2015,Hyderabad,Telangana,"246, Road No. 17, Jubilee Hills",Unknown,Unknown,Unknown,Unknown,Unknown,,none,,,,https://www.google.com/maps/search/Oi+Play+School+Jubilee+Hills,7,Sulekha-only discovery; Telangana priority; verify if rebranded recently.
